,benchmark,target,total_iterations,threads,terms,series,start_rate,scheduler,min_time_ms,max_time_ms,median_time_ms,mean_time_ms,workers,precision,messages_per_worker,write_percentage,num_workers,grid_size,priorities,threshold,size,solution_limit,pings,haircuts,waiting_room_size,production_rate,haircut_rate,pieces,left,right,eating_rounds,philosophers,actors,size_percentage,meetings,chameneos,buffer_size,consumers,producers,items_per_producer,produce_cost,consume_cost,data_length,block_threshold,messages,accounts,transactions,block_size,max_edge_weight,rounds,smokers,data_size,max_value,seed,columns,simulations,channels
0,Logistic Map Series,lf-c,12,1,25000.0,10.0,3.46,adaptive,45.182,45.536,45.33,45.329583333333325,,,,,,,,,,,,,,,,,,,,,,,,,,,,,,,,,,,,,,,,,,,,,
1,Logistic Map Series,lf-c,12,1,25000.0,10.0,3.46,GEDF_NP,83.932,84.491,84.0255,84.06941666666667,,,,,,,,,,,,,,,,,,,,,,,,,,,,,,,,,,,,,,,,,,,,,
2,Precise Pi Computation,lf-c,12,1,,,,GEDF_NP,129.315,129.461,129.35649999999998,129.369,20.0,4250.0,,,,,,,,,,,,,,,,,,,,,,,,,,,,,,,,,,,,,,,,,,,
3,Concurrent Dictionary,lf-c,12,1,,,,adaptive,70.685,78.626,77.7055,77.29091666666666,20.0,,10000.0,10.0,,,,,,,,,,,,,,,,,,,,,,,,,,,,,,,,,,,,,,,,,
4,A-Star Search,lf-c,12,12,,,,NP,177.22,586.04,517.575,476.29723076923074,,,,,20.0,30.0,30.0,2014.0,,,,,,,,,,,,,,,,,,,,,,,,,,,,,,,,,,,,,
5,Precise Pi Computation,lf-c,12,12,,,,adaptive,82.052,87.161,83.639,83.75791666666666,20.0,4250.0,,,,,,,,,,,,,,,,,,,,,,,,,,,,,,,,,,,,,,,,,,,
6,A-Star Search,lf-c,12,12,,,,adaptive,379.425,620.163,551.01,524.2970769230768,,,,,20.0,30.0,30.0,2014.0,,,,,,,,,,,,,,,,,,,,,,,,,,,,,,,,,,,,,
7,NQueens first N solutions,lf-c,12,1,,,,NP,409.793,411.923,410.67449999999997,410.7482499999999,,,,,20.0,,10.0,4.0,12.0,1500000.0,,,,,,,,,,,,,,,,,,,,,,,,,,,,,,,,,,,
8,Ping Pong,lf-c,12,12,,,,GEDF_NP,146.144,146.978,146.236,146.30883333333333,,,,,,,,,,,300000.0,,,,,,,,,,,,,,,,,,,,,,,,,,,,,,,,,,
9,Sleeping Barber,lf-c,12,1,,,,GEDF_NP,75.276,75.564,75.344,75.36774999999999,,,,,,,,,,,,2000.0,1000.0,1000.0,1000.0,,,,,,,,,,,,,,,,,,,,,,,,,,,,,,
10,Trapezoidal Approximation,lf-c,12,12,,,,adaptive,68.535,72.526,68.858,69.19808333333333,100.0,,,,,,,,,,,,,,,1250000.0,1.0,5.0,,,,,,,,,,,,,,,,,,,,,,,,,,,
11,Philosophers,lf-c,12,12,,,,adaptive,51.221,727.227,51.3775,107.72433333333332,,,,,,,,,,,,,,,,,,,10000.0,20.0,,,,,,,,,,,,,,,,,,,,,,,,,
12,Thread Ring,lf-c,12,1,,,,NP,81.017,81.344,81.0855,81.09874999999998,,,,,,,,,,,1000000.0,,,,,,,,,,100.0,,,,,,,,,,,,,,,,,,,,,,,,
13,Concurrent Dictionary,lf-c,12,12,,,,NP,283.181,404.906,359.797,357.3889166666667,20.0,,10000.0,10.0,,,,,,,,,,,,,,,,,,,,,,,,,,,,,,,,,,,,,,,,,
14,Precise Pi Computation,lf-c,12,12,,,,NP,73.996,82.983,74.87299999999999,75.51925,20.0,4250.0,,,,,,,,,,,,,,,,,,,,,,,,,,,,,,,,,,,,,,,,,,,
15,Concurrent Sorted Linked List,lf-c,12,12,,,,NP,350.32,379.308,363.043,364.15766666666667,20.0,,1500.0,10.0,,,,,,,,,,,,,,,,,,1.0,,,,,,,,,,,,,,,,,,,,,,,
16,Chameneos,lf-c,12,12,,,,NP,284.788,298.177,292.804,292.029,,,,,,,,,,,,,,,,,,,,,,,200000.0,100.0,,,,,,,,,,,,,,,,,,,,,
17,Producer Consumer (bounded),lf-c,12,12,,,,NP,114.667,120.541,116.64150000000001,117.12341666666667,,,,,,,,,,,,,,,,,,,,,,,,,50.0,40.0,40.0,100.0,25.0,25.0,,,,,,,,,,,,,,,
18,Recursive Matrix Multiplication,lf-c,12,1,,,,GEDF_NP,174.174,180.313,175.166,175.7405,20.0,,,,,,10.0,,,,,,,,,,,,,,,,,,,,,,,,512.0,16384.0,,,,,,,,,,,,,
19,Producer Consumer (bounded),lf-c,12,1,,,,adaptive,215.339,215.774,215.401,215.46366666666665,,,,,,,,,,,,,,,,,,,,,,,,,50.0,40.0,40.0,100.0,25.0,25.0,,,,,,,,,,,,,,,
20,Producer Consumer (bounded),lf-c,12,12,,,,adaptive,126.843,129.401,128.0875,128.16225,,,,,,,,,,,,,,,,,,,,,,,,,50.0,40.0,40.0,100.0,25.0,25.0,,,,,,,,,,,,,,,
21,Fork Join (throughput),lf-c,12,12,,,,NP,154.8,184.963,173.346,172.9621666666667,,,,,,,,,,,,,,,,,,,,,60.0,,,,,,,,,,,,10000.0,,,,,,,,,,,,
22,Trapezoidal Approximation,lf-c,12,12,,,,GEDF_NP,68.727,69.706,69.1535,69.15716666666667,100.0,,,,,,,,,,,,,,,1250000.0,1.0,5.0,,,,,,,,,,,,,,,,,,,,,,,,,,,
23,Thread Ring,lf-c,12,12,,,,NP,80.418,80.754,80.4435,80.47808333333332,,,,,,,,,,,1000000.0,,,,,,,,,,100.0,,,,,,,,,,,,,,,,,,,,,,,,
24,Concurrent Dictionary,lf-c,12,1,,,,NP,70.686,77.938,77.3925,76.92858333333335,20.0,,10000.0,10.0,,,,,,,,,,,,,,,,,,,,,,,,,,,,,,,,,,,,,,,,,
25,NQueens first N solutions,lf-c,12,1,,,,GEDF_NP,410.007,412.441,411.31550000000004,411.1858333333334,,,,,20.0,,10.0,4.0,12.0,1500000.0,,,,,,,,,,,,,,,,,,,,,,,,,,,,,,,,,,,
26,Bank Transaction,lf-c,12,1,,,,adaptive,153.824,162.503,156.04250000000002,156.869,,,,,,,,,,,,,,,,,,,,,,,,,,,,,,,,,,1000.0,12000.0,,,,,,,,,,
27,All-Pairs Shortest Path,lf-c,12,1,,,,GEDF_NP,248.145,251.669,249.21249999999998,249.2855833333333,,,,,198.0,,,,,,,,,,,,,,,,,,,,,,,,,,,,,,,33.0,100.0,,,,,,,,
28,Logistic Map Series,lf-c,12,12,25000.0,10.0,3.46,adaptive,45.778,2262.608,45.83,234.00050000000002,,,,,,,,,,,,,,,,,,,,,,,,,,,,,,,,,,,,,,,,,,,,,
29,Cigarette Smokers,lf-c,12,12,,,,GEDF_NP,1.844,2.013,1.8505,1.864333333333333,,,,,,,,,,,,,,,,,,,,,,,,,,,,,,,,,,,,,,1000.0,200.0,,,,,,
30,Thread Ring,lf-c,12,1,,,,adaptive,90.168,92.211,90.205,90.38241666666666,,,,,,,,,,,1000000.0,,,,,,,,,,100.0,,,,,,,,,,,,,,,,,,,,,,,,
31,Radix Sort,lf-c,12,1,,,,GEDF_NP,532.791,534.63,534.304,534.1940833333333,,,,,,,,,,,,,,,,,,,,,,,,,,,,,,,,,,,,,,,,40000.0,1.152921504606847e+18,2048.0,,,
32,Filter Bank,lf-c,12,1,,,,adaptive,194.91,195.641,194.95800000000003,195.03391666666667,,,,,,,,,,,,,,,,,,,,,,,,,,,,,,,,,,,,,,,,,,,100.0,34816.0,8.0
33,NQueens first N solutions,lf-c,12,12,,,,adaptive,236.658,249.633,238.777,240.09783333333334,,,,,20.0,,10.0,4.0,12.0,1500000.0,,,,,,,,,,,,,,,,,,,,,,,,,,,,,,,,,,,
34,All-Pairs Shortest Path,lf-c,12,12,,,,adaptive,155.752,161.421,158.4965,158.56025,,,,,198.0,,,,,,,,,,,,,,,,,,,,,,,,,,,,,,,33.0,100.0,,,,,,,,
35,Recursive Matrix Multiplication,lf-c,12,12,,,,adaptive,91.086,96.691,92.4605,92.94108333333334,20.0,,,,,,10.0,,,,,,,,,,,,,,,,,,,,,,,,512.0,16384.0,,,,,,,,,,,,,
36,Sleeping Barber,lf-c,12,1,,,,NP,74.301,74.583,74.387,74.403,,,,,,,,,,,,2000.0,1000.0,1000.0,1000.0,,,,,,,,,,,,,,,,,,,,,,,,,,,,,,
37,A-Star Search,lf-c,12,1,,,,adaptive,43.663,45.62,44.446,44.37876923076923,,,,,20.0,30.0,30.0,2014.0,,,,,,,,,,,,,,,,,,,,,,,,,,,,,,,,,,,,,
38,Recursive Matrix Multiplication,lf-c,12,12,,,,NP,91.375,103.485,98.02799999999999,98.11791666666666,20.0,,,,,,10.0,,,,,,,,,,,,,,,,,,,,,,,,512.0,16384.0,,,,,,,,,,,,,
39,Precise Pi Computation,lf-c,12,1,,,,adaptive,129.304,137.021,129.4355,130.13991666666666,20.0,4250.0,,,,,,,,,,,,,,,,,,,,,,,,,,,,,,,,,,,,,,,,,,,
40,Concurrent Dictionary,lf-c,12,12,,,,adaptive,77.839,384.677,78.961,107.99633333333333,20.0,,10000.0,10.0,,,,,,,,,,,,,,,,,,,,,,,,,,,,,,,,,,,,,,,,,
41,Logistic Map Series,lf-c,12,1,25000.0,10.0,3.46,NP,46.381,46.544,46.4595,46.45741666666667,,,,,,,,,,,,,,,,,,,,,,,,,,,,,,,,,,,,,,,,,,,,,
42,A-Star Search,lf-c,12,1,,,,NP,39.496,42.232,40.499,40.57907692307693,,,,,20.0,30.0,30.0,2014.0,,,,,,,,,,,,,,,,,,,,,,,,,,,,,,,,,,,,,
43,NQueens first N solutions,lf-c,12,12,,,,NP,224.316,242.543,225.44799999999998,227.37699999999998,,,,,20.0,,10.0,4.0,12.0,1500000.0,,,,,,,,,,,,,,,,,,,,,,,,,,,,,,,,,,,
44,Counting Actor,lf-c,12,12,,,,adaptive,249.162,249.675,249.299,249.3306666666667,,,,,,,,,,,,,,,,,,,,,,,,,,,,,,,,,1000000.0,,,,,,,,,,,,
45,Bank Transaction,lf-c,12,1,,,,NP,154.648,167.529,162.939,162.00566666666668,,,,,,,,,,,,,,,,,,,,,,,,,,,,,,,,,,1000.0,12000.0,,,,,,,,,,
46,Ping Pong,lf-c,12,1,,,,NP,95.663,96.208,95.6905,95.78033333333333,,,,,,,,,,,300000.0,,,,,,,,,,,,,,,,,,,,,,,,,,,,,,,,,,
47,Ping Pong,lf-c,12,1,,,,adaptive,106.853,107.646,106.886,106.94558333333335,,,,,,,,,,,300000.0,,,,,,,,,,,,,,,,,,,,,,,,,,,,,,,,,,
48,Bank Transaction,lf-c,12,12,,,,adaptive,89.87,93.762,90.86949999999999,91.331,,,,,,,,,,,,,,,,,,,,,,,,,,,,,,,,,,1000.0,12000.0,,,,,,,,,,
49,Counting Actor,lf-c,12,1,,,,GEDF_NP,367.675,368.349,368.12649999999996,368.0779166666667,,,,,,,,,,,,,,,,,,,,,,,,,,,,,,,,,1000000.0,,,,,,,,,,,,
50,Sleeping Barber,lf-c,12,12,,,,adaptive,75.556,76.581,75.90700000000001,75.95066666666668,,,,,,,,,,,,2000.0,1000.0,1000.0,1000.0,,,,,,,,,,,,,,,,,,,,,,,,,,,,,,
51,Fork Join (throughput),lf-c,12,12,,,,adaptive,26.504,307.927,26.523,60.06666666666666,,,,,,,,,,,,,,,,,,,,,60.0,,,,,,,,,,,,10000.0,,,,,,,,,,,,
52,Counting Actor,lf-c,12,1,,,,adaptive,250.105,251.154,250.162,250.24400000000003,,,,,,,,,,,,,,,,,,,,,,,,,,,,,,,,,1000000.0,,,,,,,,,,,,
53,Logistic Map Series,lf-c,12,12,25000.0,10.0,3.46,NP,489.915,668.464,545.6400000000001,551.9956666666667,,,,,,,,,,,,,,,,,,,,,,,,,,,,,,,,,,,,,,,,,,,,,
54,Big,lf-c,12,1,,,,GEDF_NP,152.333,157.529,153.8365,153.90725,,,,,,,,,,,,,,,,,,,,,120.0,,,,,,,,,,,,500.0,,,,,,,,,,,,
55,Philosophers,lf-c,12,1,,,,GEDF_NP,71.084,71.189,71.12049999999999,71.12833333333333,,,,,,,,,,,,,,,,,,,10000.0,20.0,,,,,,,,,,,,,,,,,,,,,,,,,
56,Sleeping Barber,lf-c,12,1,,,,adaptive,75.157,75.769,75.247,75.27825,,,,,,,,,,,,2000.0,1000.0,1000.0,1000.0,,,,,,,,,,,,,,,,,,,,,,,,,,,,,,
57,Philosophers,lf-c,12,1,,,,NP,48.4,48.518,48.458,48.45491666666667,,,,,,,,,,,,,,,,,,,10000.0,20.0,,,,,,,,,,,,,,,,,,,,,,,,,
58,Chameneos,lf-c,12,1,,,,NP,123.196,123.985,123.297,123.35458333333337,,,,,,,,,,,,,,,,,,,,,,,200000.0,100.0,,,,,,,,,,,,,,,,,,,,,
59,Filter Bank,lf-c,12,1,,,,GEDF_NP,283.712,287.782,284.01599999999996,284.36225,,,,,,,,,,,,,,,,,,,,,,,,,,,,,,,,,,,,,,,,,,,100.0,34816.0,8.0
60,NQueens first N solutions,lf-c,12,12,,,,GEDF_NP,224.649,227.486,225.5865,225.679,,,,,20.0,,10.0,4.0,12.0,1500000.0,,,,,,,,,,,,,,,,,,,,,,,,,,,,,,,,,,,
61,Counting Actor,lf-c,12,12,,,,GEDF_NP,367.975,369.226,368.081,368.2165,,,,,,,,,,,,,,,,,,,,,,,,,,,,,,,,,1000000.0,,,,,,,,,,,,
62,Thread Ring,lf-c,12,1,,,,GEDF_NP,140.407,141.175,140.4265,140.50541666666666,,,,,,,,,,,1000000.0,,,,,,,,,,100.0,,,,,,,,,,,,,,,,,,,,,,,,
63,Big,lf-c,12,12,,,,adaptive,265.373,270.317,266.2895,267.0838333333333,,,,,,,,,,,,,,,,,,,,,120.0,,,,,,,,,,,,500.0,,,,,,,,,,,,
64,Ping Pong,lf-c,12,12,,,,adaptive,106.86,107.172,106.93549999999999,106.95066666666666,,,,,,,,,,,300000.0,,,,,,,,,,,,,,,,,,,,,,,,,,,,,,,,,,
65,Filter Bank,lf-c,12,12,,,,NP,inf,inf,inf,inf,,,,,,,,,,,,,,,,,,,,,,,,,,,,,,,,,,,,,,,,,,,100.0,34816.0,8.0
66,Big,lf-c,12,12,,,,GEDF_NP,248.151,251.221,249.6015,249.7073333333333,,,,,,,,,,,,,,,,,,,,,120.0,,,,,,,,,,,,500.0,,,,,,,,,,,,
67,Precise Pi Computation,lf-c,12,12,,,,GEDF_NP,74.728,78.14,75.243,75.50899999999999,20.0,4250.0,,,,,,,,,,,,,,,,,,,,,,,,,,,,,,,,,,,,,,,,,,,
68,Philosophers,lf-c,12,12,,,,NP,360.176,490.452,443.5885,430.22299999999996,,,,,,,,,,,,,,,,,,,10000.0,20.0,,,,,,,,,,,,,,,,,,,,,,,,,
69,Filter Bank,lf-c,12,1,,,,NP,190.084,190.369,190.185,190.20108333333337,,,,,,,,,,,,,,,,,,,,,,,,,,,,,,,,,,,,,,,,,,,100.0,34816.0,8.0
70,Philosophers,lf-c,12,1,,,,adaptive,48.394,49.06,48.483999999999995,48.52941666666667,,,,,,,,,,,,,,,,,,,10000.0,20.0,,,,,,,,,,,,,,,,,,,,,,,,,
71,All-Pairs Shortest Path,lf-c,12,12,,,,NP,144.274,166.516,146.2575,147.88333333333335,,,,,198.0,,,,,,,,,,,,,,,,,,,,,,,,,,,,,,,33.0,100.0,,,,,,,,
72,All-Pairs Shortest Path,lf-c,12,1,,,,NP,247.189,249.368,248.46300000000002,248.3150833333333,,,,,198.0,,,,,,,,,,,,,,,,,,,,,,,,,,,,,,,33.0,100.0,,,,,,,,
73,Thread Ring,lf-c,12,12,,,,adaptive,91.766,94.264,91.812,92.05858333333333,,,,,,,,,,,1000000.0,,,,,,,,,,100.0,,,,,,,,,,,,,,,,,,,,,,,,
74,Precise Pi Computation,lf-c,12,1,,,,NP,129.44,129.952,129.51,129.56241666666665,20.0,4250.0,,,,,,,,,,,,,,,,,,,,,,,,,,,,,,,,,,,,,,,,,,,
75,Cigarette Smokers,lf-c,12,1,,,,GEDF_NP,1.845,1.891,1.8515000000000001,1.8535833333333331,,,,,,,,,,,,,,,,,,,,,,,,,,,,,,,,,,,,,,1000.0,200.0,,,,,,
76,Trapezoidal Approximation,lf-c,12,1,,,,GEDF_NP,136.904,137.154,136.9225,136.95808333333335,100.0,,,,,,,,,,,,,,,1250000.0,1.0,5.0,,,,,,,,,,,,,,,,,,,,,,,,,,,
77,Concurrent Sorted Linked List,lf-c,12,1,,,,adaptive,190.617,193.695,191.88299999999998,191.83241666666666,20.0,,1500.0,10.0,,,,,,,,,,,,,,,,,,1.0,,,,,,,,,,,,,,,,,,,,,,,
78,Chameneos,lf-c,12,12,,,,adaptive,128.889,602.76,312.6925,330.5274166666666,,,,,,,,,,,,,,,,,,,,,,,200000.0,100.0,,,,,,,,,,,,,,,,,,,,,
79,Recursive Matrix Multiplication,lf-c,12,1,,,,adaptive,171.363,177.851,171.8365,172.67041666666668,20.0,,,,,,10.0,,,,,,,,,,,,,,,,,,,,,,,,512.0,16384.0,,,,,,,,,,,,,
80,Big,lf-c,12,1,,,,NP,146.195,149.662,148.171,148.04958333333335,,,,,,,,,,,,,,,,,,,,,120.0,,,,,,,,,,,,500.0,,,,,,,,,,,,
81,Cigarette Smokers,lf-c,12,12,,,,adaptive,1.869,2.111,1.939,1.9549166666666669,,,,,,,,,,,,,,,,,,,,,,,,,,,,,,,,,,,,,,1000.0,200.0,,,,,,
82,Radix Sort,lf-c,12,12,,,,adaptive,516.778,518.587,517.358,517.4234166666666,,,,,,,,,,,,,,,,,,,,,,,,,,,,,,,,,,,,,,,,40000.0,1.152921504606847e+18,2048.0,,,
83,Trapezoidal Approximation,lf-c,12,1,,,,NP,136.888,137.53,136.918,136.99175,100.0,,,,,,,,,,,,,,,1250000.0,1.0,5.0,,,,,,,,,,,,,,,,,,,,,,,,,,,
84,Trapezoidal Approximation,lf-c,12,12,,,,NP,68.935,69.574,69.0755,69.14175,100.0,,,,,,,,,,,,,,,1250000.0,1.0,5.0,,,,,,,,,,,,,,,,,,,,,,,,,,,
85,Sleeping Barber,lf-c,12,12,,,,NP,74.247,75.939,74.381,74.69033333333334,,,,,,,,,,,,2000.0,1000.0,1000.0,1000.0,,,,,,,,,,,,,,,,,,,,,,,,,,,,,,
86,All-Pairs Shortest Path,lf-c,12,1,,,,adaptive,246.687,248.623,247.96949999999998,247.81416666666667,,,,,198.0,,,,,,,,,,,,,,,,,,,,,,,,,,,,,,,33.0,100.0,,,,,,,,
87,Filter Bank,lf-c,12,12,,,,GEDF_NP,inf,inf,inf,inf,,,,,,,,,,,,,,,,,,,,,,,,,,,,,,,,,,,,,,,,,,,100.0,34816.0,8.0
88,Counting Actor,lf-c,12,12,,,,NP,241.977,242.994,242.07049999999998,242.14008333333334,,,,,,,,,,,,,,,,,,,,,,,,,,,,,,,,,1000000.0,,,,,,,,,,,,
89,Radix Sort,lf-c,12,1,,,,adaptive,514.983,515.996,515.7135000000001,515.6187500000001,,,,,,,,,,,,,,,,,,,,,,,,,,,,,,,,,,,,,,,,40000.0,1.152921504606847e+18,2048.0,,,
90,Concurrent Sorted Linked List,lf-c,12,12,,,,adaptive,190.613,276.21,253.6085,231.558,20.0,,1500.0,10.0,,,,,,,,,,,,,,,,,,1.0,,,,,,,,,,,,,,,,,,,,,,,
91,Concurrent Sorted Linked List,lf-c,12,1,,,,NP,190.619,193.707,191.90449999999998,191.9310833333333,20.0,,1500.0,10.0,,,,,,,,,,,,,,,,,,1.0,,,,,,,,,,,,,,,,,,,,,,,
92,Radix Sort,lf-c,12,1,,,,NP,367.979,374.14,368.7155,369.1435833333333,,,,,,,,,,,,,,,,,,,,,,,,,,,,,,,,,,,,,,,,40000.0,1.152921504606847e+18,2048.0,,,
93,Concurrent Sorted Linked List,lf-c,12,1,,,,GEDF_NP,191.934,194.814,193.0525,193.0145,20.0,,1500.0,10.0,,,,,,,,,,,,,,,,,,1.0,,,,,,,,,,,,,,,,,,,,,,,
94,Fork Join (throughput),lf-c,12,1,,,,adaptive,26.447,26.578,26.509,26.504833333333327,,,,,,,,,,,,,,,,,,,,,60.0,,,,,,,,,,,,10000.0,,,,,,,,,,,,
95,Chameneos,lf-c,12,12,,,,GEDF_NP,341.544,367.57,351.986,353.1613333333334,,,,,,,,,,,,,,,,,,,,,,,200000.0,100.0,,,,,,,,,,,,,,,,,,,,,
96,Cigarette Smokers,lf-c,12,1,,,,adaptive,1.742,1.96,1.747,1.7658333333333334,,,,,,,,,,,,,,,,,,,,,,,,,,,,,,,,,,,,,,1000.0,200.0,,,,,,
97,Recursive Matrix Multiplication,lf-c,12,1,,,,NP,175.668,183.781,176.769,177.69558333333336,20.0,,,,,,10.0,,,,,,,,,,,,,,,,,,,,,,,,512.0,16384.0,,,,,,,,,,,,,
98,A-Star Search,lf-c,12,12,,,,GEDF_NP,264.86,617.783,440.806,415.5483076923077,,,,,20.0,30.0,30.0,2014.0,,,,,,,,,,,,,,,,,,,,,,,,,,,,,,,,,,,,,
99,Radix Sort,lf-c,12,12,,,,GEDF_NP,533.354,535.339,534.769,534.7289999999999,,,,,,,,,,,,,,,,,,,,,,,,,,,,,,,,,,,,,,,,40000.0,1.152921504606847e+18,2048.0,,,
100,All-Pairs Shortest Path,lf-c,12,12,,,,GEDF_NP,145.346,148.463,146.72899999999998,146.88766666666666,,,,,198.0,,,,,,,,,,,,,,,,,,,,,,,,,,,,,,,33.0,100.0,,,,,,,,
101,Logistic Map Series,lf-c,12,12,25000.0,10.0,3.46,GEDF_NP,712.524,828.212,771.899,773.2111666666666,,,,,,,,,,,,,,,,,,,,,,,,,,,,,,,,,,,,,,,,,,,,,
102,Fork Join (throughput),lf-c,12,1,,,,GEDF_NP,54.397,55.151,54.4975,54.5425,,,,,,,,,,,,,,,,,,,,,60.0,,,,,,,,,,,,10000.0,,,,,,,,,,,,
103,NQueens first N solutions,lf-c,12,1,,,,adaptive,437.4,439.249,437.7185,437.8418333333332,,,,,20.0,,10.0,4.0,12.0,1500000.0,,,,,,,,,,,,,,,,,,,,,,,,,,,,,,,,,,,
104,Concurrent Sorted Linked List,lf-c,12,12,,,,GEDF_NP,347.49,402.75,357.64300000000003,361.96875,20.0,,1500.0,10.0,,,,,,,,,,,,,,,,,,1.0,,,,,,,,,,,,,,,,,,,,,,,
105,Sleeping Barber,lf-c,12,12,,,,GEDF_NP,75.331,75.835,75.4205,75.46333333333334,,,,,,,,,,,,2000.0,1000.0,1000.0,1000.0,,,,,,,,,,,,,,,,,,,,,,,,,,,,,,
106,Chameneos,lf-c,12,1,,,,adaptive,124.961,125.264,125.078,125.08675000000001,,,,,,,,,,,,,,,,,,,,,,,200000.0,100.0,,,,,,,,,,,,,,,,,,,,,
107,Big,lf-c,12,1,,,,adaptive,144.12,146.401,145.502,145.31666666666666,,,,,,,,,,,,,,,,,,,,,120.0,,,,,,,,,,,,500.0,,,,,,,,,,,,
108,Cigarette Smokers,lf-c,12,12,,,,NP,1.728,1.765,1.734,1.7373333333333336,,,,,,,,,,,,,,,,,,,,,,,,,,,,,,,,,,,,,,1000.0,200.0,,,,,,
109,A-Star Search,lf-c,12,1,,,,GEDF_NP,39.506,42.242,40.525,40.506538461538454,,,,,20.0,30.0,30.0,2014.0,,,,,,,,,,,,,,,,,,,,,,,,,,,,,,,,,,,,,
110,Concurrent Dictionary,lf-c,12,1,,,,GEDF_NP,79.69,87.753,86.789,86.43,20.0,,10000.0,10.0,,,,,,,,,,,,,,,,,,,,,,,,,,,,,,,,,,,,,,,,,
111,Bank Transaction,lf-c,12,1,,,,GEDF_NP,151.088,155.049,153.62900000000002,153.22108333333333,,,,,,,,,,,,,,,,,,,,,,,,,,,,,,,,,,1000.0,12000.0,,,,,,,,,,
112,Trapezoidal Approximation,lf-c,12,1,,,,adaptive,136.89,137.17,136.9355,136.95341666666667,100.0,,,,,,,,,,,,,,,1250000.0,1.0,5.0,,,,,,,,,,,,,,,,,,,,,,,,,,,
113,Producer Consumer (bounded),lf-c,12,1,,,,GEDF_NP,215.993,216.171,216.0335,216.05849999999998,,,,,,,,,,,,,,,,,,,,,,,,,50.0,40.0,40.0,100.0,25.0,25.0,,,,,,,,,,,,,,,
114,Radix Sort,lf-c,12,12,,,,NP,368.413,370.395,369.79949999999997,369.7517500000001,,,,,,,,,,,,,,,,,,,,,,,,,,,,,,,,,,,,,,,,40000.0,1.152921504606847e+18,2048.0,,,
115,Big,lf-c,12,12,,,,NP,232.245,240.257,234.528,235.17083333333332,,,,,,,,,,,,,,,,,,,,,120.0,,,,,,,,,,,,500.0,,,,,,,,,,,,
116,Ping Pong,lf-c,12,12,,,,NP,94.309,94.786,94.3515,94.39683333333333,,,,,,,,,,,300000.0,,,,,,,,,,,,,,,,,,,,,,,,,,,,,,,,,,
117,Ping Pong,lf-c,12,1,,,,GEDF_NP,146.149,147.314,146.2065,146.30283333333333,,,,,,,,,,,300000.0,,,,,,,,,,,,,,,,,,,,,,,,,,,,,,,,,,
118,Producer Consumer (bounded),lf-c,12,1,,,,NP,215.383,215.858,215.43,215.49658333333332,,,,,,,,,,,,,,,,,,,,,,,,,50.0,40.0,40.0,100.0,25.0,25.0,,,,,,,,,,,,,,,
119,Thread Ring,lf-c,12,12,,,,GEDF_NP,140.557,141.134,140.6235,140.69283333333334,,,,,,,,,,,1000000.0,,,,,,,,,,100.0,,,,,,,,,,,,,,,,,,,,,,,,
120,Philosophers,lf-c,12,12,,,,GEDF_NP,373.638,524.562,480.99199999999996,465.12149999999997,,,,,,,,,,,,,,,,,,,10000.0,20.0,,,,,,,,,,,,,,,,,,,,,,,,,
121,Fork Join (throughput),lf-c,12,12,,,,GEDF_NP,210.826,286.434,265.38649999999996,261.37624999999997,,,,,,,,,,,,,,,,,,,,,60.0,,,,,,,,,,,,10000.0,,,,,,,,,,,,
122,Chameneos,lf-c,12,1,,,,GEDF_NP,143.957,145.178,144.0615,144.22525,,,,,,,,,,,,,,,,,,,,,,,200000.0,100.0,,,,,,,,,,,,,,,,,,,,,
123,Fork Join (throughput),lf-c,12,1,,,,NP,28.697,28.775,28.728,28.733999999999998,,,,,,,,,,,,,,,,,,,,,60.0,,,,,,,,,,,,10000.0,,,,,,,,,,,,
124,Cigarette Smokers,lf-c,12,1,,,,NP,1.74,2.052,1.746,1.8126666666666666,,,,,,,,,,,,,,,,,,,,,,,,,,,,,,,,,,,,,,1000.0,200.0,,,,,,
125,Recursive Matrix Multiplication,lf-c,12,12,,,,GEDF_NP,91.07,99.189,95.952,95.51875,20.0,,,,,,10.0,,,,,,,,,,,,,,,,,,,,,,,,512.0,16384.0,,,,,,,,,,,,,
126,Filter Bank,lf-c,12,12,,,,adaptive,196.4,2616.048,196.439,398.0834166666666,,,,,,,,,,,,,,,,,,,,,,,,,,,,,,,,,,,,,,,,,,,100.0,34816.0,8.0
127,Counting Actor,lf-c,12,1,,,,NP,242.038,242.78,242.111,242.16208333333336,,,,,,,,,,,,,,,,,,,,,,,,,,,,,,,,,1000000.0,,,,,,,,,,,,
128,Bank Transaction,lf-c,12,12,,,,NP,86.904,91.935,90.0205,89.76066666666667,,,,,,,,,,,,,,,,,,,,,,,,,,,,,,,,,,1000.0,12000.0,,,,,,,,,,
129,Producer Consumer (bounded),lf-c,12,12,,,,GEDF_NP,115.293,118.42,117.1075,117.015,,,,,,,,,,,,,,,,,,,,,,,,,50.0,40.0,40.0,100.0,25.0,25.0,,,,,,,,,,,,,,,
130,Concurrent Dictionary,lf-c,12,12,,,,GEDF_NP,341.599,410.894,366.2125,369.3977500000001,20.0,,10000.0,10.0,,,,,,,,,,,,,,,,,,,,,,,,,,,,,,,,,,,,,,,,,
131,Bank Transaction,lf-c,12,12,,,,GEDF_NP,86.29,92.486,87.8075,88.11916666666666,,,,,,,,,,,,,,,,,,,,,,,,,,,,,,,,,,1000.0,12000.0,,,,,,,,,,
